--------------------------------------------------------
--  File created - niedziela-czerwiec-04-2017   
--------------------------------------------------------
-- Unable to render SEQUENCE DDL for object SEBA.ISEQ$$_91925 with DBMS_METADATA attempting internal generator.
CREATE SEQUENCE ISEQ$$_91925 INCREMENT BY 1 MAXVALUE 9999999999999999999999999999 MINVALUE 1 CACHE 20
-- Unable to render SEQUENCE DDL for object SEBA.ISEQ$$_91928 with DBMS_METADATA attempting internal generator.
CREATE SEQUENCE ISEQ$$_91928 INCREMENT BY 1 MAXVALUE 9999999999999999999999999999 MINVALUE 1 CACHE 20
-- Unable to render SEQUENCE DDL for object SEBA.ISEQ$$_91933 with DBMS_METADATA attempting internal generator.
CREATE SEQUENCE ISEQ$$_91933 INCREMENT BY 1 MAXVALUE 9999999999999999999999999999 MINVALUE 1 CACHE 20
-- Unable to render SEQUENCE DDL for object SEBA.ISEQ$$_91938 with DBMS_METADATA attempting internal generator.
CREATE SEQUENCE ISEQ$$_91938 INCREMENT BY 1 MAXVALUE 9999999999999999999999999999 MINVALUE 1 CACHE 20
-- Unable to render SEQUENCE DDL for object SEBA.ISEQ$$_91943 with DBMS_METADATA attempting internal generator.
CREATE SEQUENCE ISEQ$$_91943 INCREMENT BY 1 MAXVALUE 9999999999999999999999999999 MINVALUE 1 CACHE 20
-- Unable to render SEQUENCE DDL for object SEBA.ISEQ$$_91946 with DBMS_METADATA attempting internal generator.
CREATE SEQUENCE ISEQ$$_91946 INCREMENT BY 1 MAXVALUE 9999999999999999999999999999 MINVALUE 1 CACHE 20
-- Unable to render SEQUENCE DDL for object SEBA.ISEQ$$_91949 with DBMS_METADATA attempting internal generator.
CREATE SEQUENCE ISEQ$$_91949 INCREMENT BY 1 MAXVALUE 9999999999999999999999999999 MINVALUE 1 CACHE 20
-- Unable to render SEQUENCE DDL for object SEBA.ISEQ$$_91952 with DBMS_METADATA attempting internal generator.
CREATE SEQUENCE ISEQ$$_91952 INCREMENT BY 1 MAXVALUE 9999999999999999999999999999 MINVALUE 1 CACHE 20
-- Unable to render SEQUENCE DDL for object SEBA.ISEQ$$_91957 with DBMS_METADATA attempting internal generator.
CREATE SEQUENCE ISEQ$$_91957 INCREMENT BY 1 MAXVALUE 9999999999999999999999999999 MINVALUE 1 CACHE 20
-- Unable to render SEQUENCE DDL for object SEBA.ISEQ$$_91961 with DBMS_METADATA attempting internal generator.
CREATE SEQUENCE ISEQ$$_91961 INCREMENT BY 1 MAXVALUE 9999999999999999999999999999 MINVALUE 1 CACHE 20
-- Unable to render SEQUENCE DDL for object SEBA.ISEQ$$_91964 with DBMS_METADATA attempting internal generator.
CREATE SEQUENCE ISEQ$$_91964 INCREMENT BY 1 MAXVALUE 9999999999999999999999999999 MINVALUE 1 CACHE 20
-- Unable to render SEQUENCE DDL for object SEBA.ISEQ$$_91967 with DBMS_METADATA attempting internal generator.
CREATE SEQUENCE ISEQ$$_91967 INCREMENT BY 1 MAXVALUE 9999999999999999999999999999 MINVALUE 1 CACHE 20
-- Unable to render SEQUENCE DDL for object SEBA.ISEQ$$_91970 with DBMS_METADATA attempting internal generator.
CREATE SEQUENCE ISEQ$$_91970 INCREMENT BY 1 MAXVALUE 9999999999999999999999999999 MINVALUE 1 CACHE 20
-- Unable to render SEQUENCE DDL for object SEBA.ISEQ$$_91975 with DBMS_METADATA attempting internal generator.
CREATE SEQUENCE ISEQ$$_91975 INCREMENT BY 1 MAXVALUE 9999999999999999999999999999 MINVALUE 1 CACHE 20
-- Unable to render SEQUENCE DDL for object SEBA.ISEQ$$_91979 with DBMS_METADATA attempting internal generator.
CREATE SEQUENCE ISEQ$$_91979 INCREMENT BY 1 MAXVALUE 9999999999999999999999999999 MINVALUE 1 CACHE 20
-- Unable to render SEQUENCE DDL for object SEBA.ISEQ$$_91982 with DBMS_METADATA attempting internal generator.
CREATE SEQUENCE ISEQ$$_91982 INCREMENT BY 1 MAXVALUE 9999999999999999999999999999 MINVALUE 1 CACHE 20
-- Unable to render SEQUENCE DDL for object SEBA.ISEQ$$_91985 with DBMS_METADATA attempting internal generator.
CREATE SEQUENCE ISEQ$$_91985 INCREMENT BY 1 MAXVALUE 9999999999999999999999999999 MINVALUE 1 CACHE 20
-- Unable to render SEQUENCE DDL for object SEBA.ISEQ$$_91988 with DBMS_METADATA attempting internal generator.
CREATE SEQUENCE ISEQ$$_91988 INCREMENT BY 1 MAXVALUE 9999999999999999999999999999 MINVALUE 1 CACHE 20
-- Unable to render SEQUENCE DDL for object SEBA.ISEQ$$_91993 with DBMS_METADATA attempting internal generator.
CREATE SEQUENCE ISEQ$$_91993 INCREMENT BY 1 MAXVALUE 9999999999999999999999999999 MINVALUE 1 CACHE 20
-- Unable to render SEQUENCE DDL for object SEBA.ISEQ$$_91997 with DBMS_METADATA attempting internal generator.
CREATE SEQUENCE ISEQ$$_91997 INCREMENT BY 1 MAXVALUE 9999999999999999999999999999 MINVALUE 1 CACHE 20
-- Unable to render SEQUENCE DDL for object SEBA.ISEQ$$_92000 with DBMS_METADATA attempting internal generator.
CREATE SEQUENCE ISEQ$$_92000 INCREMENT BY 1 MAXVALUE 9999999999999999999999999999 MINVALUE 1 CACHE 20
-- Unable to render SEQUENCE DDL for object SEBA.ISEQ$$_92005 with DBMS_METADATA attempting internal generator.
CREATE SEQUENCE ISEQ$$_92005 INCREMENT BY 1 MAXVALUE 9999999999999999999999999999 MINVALUE 1 CACHE 20
-- Unable to render SEQUENCE DDL for object SEBA.ISEQ$$_92010 with DBMS_METADATA attempting internal generator.
CREATE SEQUENCE ISEQ$$_92010 INCREMENT BY 1 MAXVALUE 9999999999999999999999999999 MINVALUE 1 CACHE 20
-- Unable to render SEQUENCE DDL for object SEBA.ISEQ$$_93315 with DBMS_METADATA attempting internal generator.
CREATE SEQUENCE ISEQ$$_93315 INCREMENT BY 1 MAXVALUE 9999999999999999999999999999 MINVALUE 1 CACHE 20
-- Unable to render SEQUENCE DDL for object SEBA.ISEQ$$_93319 with DBMS_METADATA attempting internal generator.
CREATE SEQUENCE ISEQ$$_93319 INCREMENT BY 1 MAXVALUE 9999999999999999999999999999 MINVALUE 1 CACHE 20
-- Unable to render SEQUENCE DDL for object SEBA.ISEQ$$_93324 with DBMS_METADATA attempting internal generator.
CREATE SEQUENCE ISEQ$$_93324 INCREMENT BY 1 MAXVALUE 9999999999999999999999999999 MINVALUE 1 CACHE 20
-- Unable to render SEQUENCE DDL for object SEBA.ISEQ$$_93327 with DBMS_METADATA attempting internal generator.
CREATE SEQUENCE ISEQ$$_93327 INCREMENT BY 1 MAXVALUE 9999999999999999999999999999 MINVALUE 1 CACHE 20
-- Unable to render SEQUENCE DDL for object SEBA.ISEQ$$_93330 with DBMS_METADATA attempting internal generator.
CREATE SEQUENCE ISEQ$$_93330 INCREMENT BY 1 MAXVALUE 9999999999999999999999999999 MINVALUE 1 CACHE 20
-- Unable to render SEQUENCE DDL for object SEBA.ISEQ$$_93333 with DBMS_METADATA attempting internal generator.
CREATE SEQUENCE ISEQ$$_93333 INCREMENT BY 1 MAXVALUE 9999999999999999999999999999 MINVALUE 1 CACHE 20
-- Unable to render SEQUENCE DDL for object SEBA.ISEQ$$_93337 with DBMS_METADATA attempting internal generator.
CREATE SEQUENCE ISEQ$$_93337 INCREMENT BY 1 MAXVALUE 9999999999999999999999999999 MINVALUE 1 CACHE 20
-- Unable to render SEQUENCE DDL for object SEBA.ISEQ$$_93342 with DBMS_METADATA attempting internal generator.
CREATE SEQUENCE ISEQ$$_93342 INCREMENT BY 1 MAXVALUE 9999999999999999999999999999 MINVALUE 1 CACHE 20
-- Unable to render SEQUENCE DDL for object SEBA.ISEQ$$_93345 with DBMS_METADATA attempting internal generator.
CREATE SEQUENCE ISEQ$$_93345 INCREMENT BY 1 MAXVALUE 9999999999999999999999999999 MINVALUE 1 CACHE 20
-- Unable to render SEQUENCE DDL for object SEBA.ISEQ$$_93348 with DBMS_METADATA attempting internal generator.
CREATE SEQUENCE ISEQ$$_93348 INCREMENT BY 1 MAXVALUE 9999999999999999999999999999 MINVALUE 1 CACHE 20
-- Unable to render SEQUENCE DDL for object SEBA.ISEQ$$_93351 with DBMS_METADATA attempting internal generator.
CREATE SEQUENCE ISEQ$$_93351 INCREMENT BY 1 MAXVALUE 9999999999999999999999999999 MINVALUE 1 CACHE 20
-- Unable to render SEQUENCE DDL for object SEBA.ISEQ$$_93355 with DBMS_METADATA attempting internal generator.
CREATE SEQUENCE ISEQ$$_93355 INCREMENT BY 1 MAXVALUE 9999999999999999999999999999 MINVALUE 1 CACHE 20
-- Unable to render SEQUENCE DDL for object SEBA.ISEQ$$_93360 with DBMS_METADATA attempting internal generator.
CREATE SEQUENCE ISEQ$$_93360 INCREMENT BY 1 MAXVALUE 9999999999999999999999999999 MINVALUE 1 CACHE 20
-- Unable to render SEQUENCE DDL for object SEBA.ISEQ$$_93363 with DBMS_METADATA attempting internal generator.
CREATE SEQUENCE ISEQ$$_93363 INCREMENT BY 1 MAXVALUE 9999999999999999999999999999 MINVALUE 1 CACHE 20
-- Unable to render SEQUENCE DDL for object SEBA.ISEQ$$_93366 with DBMS_METADATA attempting internal generator.
CREATE SEQUENCE ISEQ$$_93366 INCREMENT BY 1 MAXVALUE 9999999999999999999999999999 MINVALUE 1 CACHE 20
-- Unable to render SEQUENCE DDL for object SEBA.ISEQ$$_93369 with DBMS_METADATA attempting internal generator.
CREATE SEQUENCE ISEQ$$_93369 INCREMENT BY 1 MAXVALUE 9999999999999999999999999999 MINVALUE 1 CACHE 20
-- Unable to render SEQUENCE DDL for object SEBA.ISEQ$$_93373 with DBMS_METADATA attempting internal generator.
CREATE SEQUENCE ISEQ$$_93373 INCREMENT BY 1 MAXVALUE 9999999999999999999999999999 MINVALUE 1 CACHE 20
-- Unable to render SEQUENCE DDL for object SEBA.ISEQ$$_93378 with DBMS_METADATA attempting internal generator.
CREATE SEQUENCE ISEQ$$_93378 INCREMENT BY 1 MAXVALUE 9999999999999999999999999999 MINVALUE 1 CACHE 20
--------------------------------------------------------
--  DDL for Sequence SOME_SEQUENCE
--------------------------------------------------------

   CREATE SEQUENCE  "SEBA"."SOME_SEQUENCE"  MINVALUE 1 MAXVALUE 9999999999999999999999999999 INCREMENT BY 1 START WITH 1 CACHE 20 NOORDER  NOCYCLE  NOPARTITION ;
--------------------------------------------------------
--  DDL for Table ADDRESS
--------------------------------------------------------

  CREATE TABLE "SEBA"."ADDRESS" 
   (	"ADDRESS_ID" NUMBER(19,0) GENERATED ALWAYS AS IDENTITY MINVALUE 1 MAXVALUE 9999999999999999999999999999 INCREMENT BY 1 START WITH 1 CACHE 20 NOORDER  NOCYCLE , 
	"CITY" VARCHAR2(255 CHAR), 
	"HOME_NUMBER" VARCHAR2(255 CHAR), 
	"PIN_CODE" VARCHAR2(255 CHAR), 
	"STREET" VARCHAR2(255 CHAR)
   ) SEGMENT CREATION IMMEDIATE 
  PCTFREE 10 PCTUSED 40 INITRANS 1 MAXTRANS 255 
 NOCOMPRESS LOGGING
  STORAGE(INITIAL 65536 NEXT 1048576 MINEXTENTS 1 MAXEXTENTS 2147483645
  PCTINCREASE 0 FREELISTS 1 FREELIST GROUPS 1
  BUFFER_POOL DEFAULT FLASH_CACHE DEFAULT CELL_FLASH_CACHE DEFAULT)
  TABLESPACE "USERS" ;
--------------------------------------------------------
--  DDL for Table CLIENT
--------------------------------------------------------

  CREATE TABLE "SEBA"."CLIENT" 
   (	"CLIENT_ID" NUMBER(19,0) GENERATED ALWAYS AS IDENTITY MINVALUE 1 MAXVALUE 9999999999999999999999999999 INCREMENT BY 1 START WITH 1 CACHE 20 NOORDER  NOCYCLE , 
	"FIRST_NAME" VARCHAR2(15 CHAR), 
	"LAST_NAME" VARCHAR2(20 CHAR), 
	"PHONE_NUMBER" NUMBER(19,0), 
	"ADDRESS_ID" NUMBER(19,0)
   ) SEGMENT CREATION IMMEDIATE 
  PCTFREE 10 PCTUSED 40 INITRANS 1 MAXTRANS 255 
 NOCOMPRESS LOGGING
  STORAGE(INITIAL 65536 NEXT 1048576 MINEXTENTS 1 MAXEXTENTS 2147483645
  PCTINCREASE 0 FREELISTS 1 FREELIST GROUPS 1
  BUFFER_POOL DEFAULT FLASH_CACHE DEFAULT CELL_FLASH_CACHE DEFAULT)
  TABLESPACE "USERS" ;
--------------------------------------------------------
--  DDL for Table EMPLOYEE
--------------------------------------------------------

  CREATE TABLE "SEBA"."EMPLOYEE" 
   (	"EMPLOYEE_ID" NUMBER(19,0) GENERATED ALWAYS AS IDENTITY MINVALUE 1 MAXVALUE 9999999999999999999999999999 INCREMENT BY 1 START WITH 1 CACHE 20 NOORDER  NOCYCLE , 
	"EMAIL" VARCHAR2(255 CHAR), 
	"FIRST_NAME" VARCHAR2(15 CHAR), 
	"LAST_NAME" VARCHAR2(20 CHAR), 
	"PESEL" VARCHAR2(255 CHAR), 
	"PHONE_NUMBER" NUMBER(19,0), 
	"SALARY" NUMBER(10,2), 
	"ADDRESS_ID" NUMBER(19,0)
   ) SEGMENT CREATION IMMEDIATE 
  PCTFREE 10 PCTUSED 40 INITRANS 1 MAXTRANS 255 
 NOCOMPRESS LOGGING
  STORAGE(INITIAL 65536 NEXT 1048576 MINEXTENTS 1 MAXEXTENTS 2147483645
  PCTINCREASE 0 FREELISTS 1 FREELIST GROUPS 1
  BUFFER_POOL DEFAULT FLASH_CACHE DEFAULT CELL_FLASH_CACHE DEFAULT)
  TABLESPACE "USERS" ;
--------------------------------------------------------
--  DDL for Table ORDER_AND_REPAIR
--------------------------------------------------------

  CREATE TABLE "SEBA"."ORDER_AND_REPAIR" 
   (	"ORDER_ID" NUMBER(19,0), 
	"REPAIR_ID" NUMBER(19,0)
   ) SEGMENT CREATION IMMEDIATE 
  PCTFREE 10 PCTUSED 40 INITRANS 1 MAXTRANS 255 
 NOCOMPRESS LOGGING
  STORAGE(INITIAL 65536 NEXT 1048576 MINEXTENTS 1 MAXEXTENTS 2147483645
  PCTINCREASE 0 FREELISTS 1 FREELIST GROUPS 1
  BUFFER_POOL DEFAULT FLASH_CACHE DEFAULT CELL_FLASH_CACHE DEFAULT)
  TABLESPACE "USERS" ;
--------------------------------------------------------
--  DDL for Table REPAIR
--------------------------------------------------------

  CREATE TABLE "SEBA"."REPAIR" 
   (	"REPAIR_ID" NUMBER(19,0) GENERATED ALWAYS AS IDENTITY MINVALUE 1 MAXVALUE 9999999999999999999999999999 INCREMENT BY 1 START WITH 1 CACHE 20 NOORDER  NOCYCLE , 
	"DEFECT" CLOB, 
	"PRICE_OF_DEFECT" FLOAT(126)
   ) SEGMENT CREATION IMMEDIATE 
  PCTFREE 10 PCTUSED 40 INITRANS 1 MAXTRANS 255 
 NOCOMPRESS LOGGING
  STORAGE(INITIAL 65536 NEXT 1048576 MINEXTENTS 1 MAXEXTENTS 2147483645
  PCTINCREASE 0 FREELISTS 1 FREELIST GROUPS 1
  BUFFER_POOL DEFAULT FLASH_CACHE DEFAULT CELL_FLASH_CACHE DEFAULT)
  TABLESPACE "USERS" 
 LOB ("DEFECT") STORE AS SECUREFILE (
  TABLESPACE "USERS" ENABLE STORAGE IN ROW CHUNK 8192
  NOCACHE LOGGING  NOCOMPRESS  KEEP_DUPLICATES 
  STORAGE(INITIAL 106496 NEXT 1048576 MINEXTENTS 1 MAXEXTENTS 2147483645
  PCTINCREASE 0
  BUFFER_POOL DEFAULT FLASH_CACHE DEFAULT CELL_FLASH_CACHE DEFAULT)) ;
--------------------------------------------------------
--  DDL for Table REPAIR_ORDER
--------------------------------------------------------

  CREATE TABLE "SEBA"."REPAIR_ORDER" 
   (	"ORDER_ID" NUMBER(19,0) GENERATED ALWAYS AS IDENTITY MINVALUE 1 MAXVALUE 9999999999999999999999999999 INCREMENT BY 1 START WITH 1 CACHE 20 NOORDER  NOCYCLE , 
	"DATE_OF_RECEIPT" DATE, 
	"DATE_OF_RETURN" DATE, 
	"PHONE_MODEL" VARCHAR2(255 CHAR), 
	"PRICE" FLOAT(126), 
	"STATUS" VARCHAR2(255 CHAR), 
	"CLIENT_ID" NUMBER(19,0), 
	"EMPLOYEE_ID" NUMBER(19,0)
   ) SEGMENT CREATION IMMEDIATE 
  PCTFREE 10 PCTUSED 40 INITRANS 1 MAXTRANS 255 
 NOCOMPRESS LOGGING
  STORAGE(INITIAL 65536 NEXT 1048576 MINEXTENTS 1 MAXEXTENTS 2147483645
  PCTINCREASE 0 FREELISTS 1 FREELIST GROUPS 1
  BUFFER_POOL DEFAULT FLASH_CACHE DEFAULT CELL_FLASH_CACHE DEFAULT)
  TABLESPACE "USERS" ;
REM INSERTING into SEBA.ADDRESS
SET DEFINE OFF;
Insert into SEBA.ADDRESS (ADDRESS_ID,CITY,HOME_NUMBER,PIN_CODE,STREET) values ('1','Rzeszów','19 a','35-623','Rejtana 2');
Insert into SEBA.ADDRESS (ADDRESS_ID,CITY,HOME_NUMBER,PIN_CODE,STREET) values ('2','Rzeszów','5e','35-623','Powstañców warszawy 12');
Insert into SEBA.ADDRESS (ADDRESS_ID,CITY,HOME_NUMBER,PIN_CODE,STREET) values ('3','Rzeszów','70 a','35-623','Podwis³ocze 5');
Insert into SEBA.ADDRESS (ADDRESS_ID,CITY,HOME_NUMBER,PIN_CODE,STREET) values ('4','Rzeszów','18 e','35-623','Pelczara 3');
Insert into SEBA.ADDRESS (ADDRESS_ID,CITY,HOME_NUMBER,PIN_CODE,STREET) values ('5','Rzeszów','18 e','35-623','Ofiar katynia 3e');
Insert into SEBA.ADDRESS (ADDRESS_ID,CITY,HOME_NUMBER,PIN_CODE,STREET) values ('6','Rzeszów','24 g','35-623','Lisa kuli 2');
Insert into SEBA.ADDRESS (ADDRESS_ID,CITY,HOME_NUMBER,PIN_CODE,STREET) values ('7','Rzeszów','102','35-623','Cieplinskiego 5');
Insert into SEBA.ADDRESS (ADDRESS_ID,CITY,HOME_NUMBER,PIN_CODE,STREET) values ('8','Rzeszów','54 f','35-623','Maczka 10');
Insert into SEBA.ADDRESS (ADDRESS_ID,CITY,HOME_NUMBER,PIN_CODE,STREET) values ('9','Rzeszów','23','35-623','Rejtana 9');
Insert into SEBA.ADDRESS (ADDRESS_ID,CITY,HOME_NUMBER,PIN_CODE,STREET) values ('10','Rzeszów','19 c','35-623','Podwislocze 2/4');
Insert into SEBA.ADDRESS (ADDRESS_ID,CITY,HOME_NUMBER,PIN_CODE,STREET) values ('11','Rzeszów','29 d','35-623','Graniczna 9');
Insert into SEBA.ADDRESS (ADDRESS_ID,CITY,HOME_NUMBER,PIN_CODE,STREET) values ('12','Rzeszów','172','35-623','Ofiar katynia 5');
Insert into SEBA.ADDRESS (ADDRESS_ID,CITY,HOME_NUMBER,PIN_CODE,STREET) values ('13','Rzeszów','12 e','35-623','Plac wolnoœci');
Insert into SEBA.ADDRESS (ADDRESS_ID,CITY,HOME_NUMBER,PIN_CODE,STREET) values ('14','Rzeszów','82 f','35-623','Rejtana 3');
Insert into SEBA.ADDRESS (ADDRESS_ID,CITY,HOME_NUMBER,PIN_CODE,STREET) values ('15','Rzeszów','20','35-623','Miko³ajczuka 7/8');
REM INSERTING into SEBA.CLIENT
SET DEFINE OFF;
Insert into SEBA.CLIENT (CLIENT_ID,FIRST_NAME,LAST_NAME,PHONE_NUMBER,ADDRESS_ID) values ('1','Dominika','Pliszka','530931029','1');
Insert into SEBA.CLIENT (CLIENT_ID,FIRST_NAME,LAST_NAME,PHONE_NUMBER,ADDRESS_ID) values ('2','Czarek','Dlugi','533029120','2');
Insert into SEBA.CLIENT (CLIENT_ID,FIRST_NAME,LAST_NAME,PHONE_NUMBER,ADDRESS_ID) values ('3','Stanis³aw','Pisarz','512920017','3');
Insert into SEBA.CLIENT (CLIENT_ID,FIRST_NAME,LAST_NAME,PHONE_NUMBER,ADDRESS_ID) values ('4','Grzegorz','Jagoda','720918772','4');
Insert into SEBA.CLIENT (CLIENT_ID,FIRST_NAME,LAST_NAME,PHONE_NUMBER,ADDRESS_ID) values ('5','Alicja','Czarna','712029739','5');
Insert into SEBA.CLIENT (CLIENT_ID,FIRST_NAME,LAST_NAME,PHONE_NUMBER,ADDRESS_ID) values ('6','Filip','Jozwik','533729011','6');
Insert into SEBA.CLIENT (CLIENT_ID,FIRST_NAME,LAST_NAME,PHONE_NUMBER,ADDRESS_ID) values ('7','Emilia','Lass','530928122','7');
Insert into SEBA.CLIENT (CLIENT_ID,FIRST_NAME,LAST_NAME,PHONE_NUMBER,ADDRESS_ID) values ('8','Radoslaw','Kalinowski','720918227','8');
Insert into SEBA.CLIENT (CLIENT_ID,FIRST_NAME,LAST_NAME,PHONE_NUMBER,ADDRESS_ID) values ('9','Halina','Lisowska','505390192','9');
Insert into SEBA.CLIENT (CLIENT_ID,FIRST_NAME,LAST_NAME,PHONE_NUMBER,ADDRESS_ID) values ('10','Ksaweryn','Belkot','507810921','10');
REM INSERTING into SEBA.EMPLOYEE
SET DEFINE OFF;
Insert into SEBA.EMPLOYEE (EMPLOYEE_ID,EMAIL,FIRST_NAME,LAST_NAME,PESEL,PHONE_NUMBER,SALARY,ADDRESS_ID) values ('1','pawfiol@servise.com','Pawe³','Fio³ek','90022002917','728901230','2300','11');
Insert into SEBA.EMPLOYEE (EMPLOYEE_ID,EMAIL,FIRST_NAME,LAST_NAME,PESEL,PHONE_NUMBER,SALARY,ADDRESS_ID) values ('2','karkwiat@servise.com','Karol','Kwiatek','89102102911','572039002','2550','12');
Insert into SEBA.EMPLOYEE (EMPLOYEE_ID,EMAIL,FIRST_NAME,LAST_NAME,PESEL,PHONE_NUMBER,SALARY,ADDRESS_ID) values ('3','lucjan.stasicki@servise.com','Lucjan','Stasicki','91031502391','720192023','2100','13');
Insert into SEBA.EMPLOYEE (EMPLOYEE_ID,EMAIL,FIRST_NAME,LAST_NAME,PESEL,PHONE_NUMBER,SALARY,ADDRESS_ID) values ('4','danielos@servise.com','Daniel','Kl¹b','93091702901','712029881','2230','14');
Insert into SEBA.EMPLOYEE (EMPLOYEE_ID,EMAIL,FIRST_NAME,LAST_NAME,PESEL,PHONE_NUMBER,SALARY,ADDRESS_ID) values ('5','emilWas@servise.com','Emil','W¹s','87082102918','532910281','2410','15');
REM INSERTING into SEBA.ORDER_AND_REPAIR
SET DEFINE OFF;
Insert into SEBA.ORDER_AND_REPAIR (ORDER_ID,REPAIR_ID) values ('1','1');
Insert into SEBA.ORDER_AND_REPAIR (ORDER_ID,REPAIR_ID) values ('2','2');
Insert into SEBA.ORDER_AND_REPAIR (ORDER_ID,REPAIR_ID) values ('2','3');
Insert into SEBA.ORDER_AND_REPAIR (ORDER_ID,REPAIR_ID) values ('3','4');
Insert into SEBA.ORDER_AND_REPAIR (ORDER_ID,REPAIR_ID) values ('4','5');
Insert into SEBA.ORDER_AND_REPAIR (ORDER_ID,REPAIR_ID) values ('4','6');
Insert into SEBA.ORDER_AND_REPAIR (ORDER_ID,REPAIR_ID) values ('5','7');
Insert into SEBA.ORDER_AND_REPAIR (ORDER_ID,REPAIR_ID) values ('6','8');
Insert into SEBA.ORDER_AND_REPAIR (ORDER_ID,REPAIR_ID) values ('6','9');
Insert into SEBA.ORDER_AND_REPAIR (ORDER_ID,REPAIR_ID) values ('7','10');
Insert into SEBA.ORDER_AND_REPAIR (ORDER_ID,REPAIR_ID) values ('8','11');
Insert into SEBA.ORDER_AND_REPAIR (ORDER_ID,REPAIR_ID) values ('9','12');
Insert into SEBA.ORDER_AND_REPAIR (ORDER_ID,REPAIR_ID) values ('10','13');
REM INSERTING into SEBA.REPAIR
SET DEFINE OFF;
Insert into SEBA.REPAIR (REPAIR_ID,PRICE_OF_DEFECT) values ('1','200');
Insert into SEBA.REPAIR (REPAIR_ID,PRICE_OF_DEFECT) values ('2','250');
Insert into SEBA.REPAIR (REPAIR_ID,PRICE_OF_DEFECT) values ('3','250');
Insert into SEBA.REPAIR (REPAIR_ID,PRICE_OF_DEFECT) values ('4','150');
Insert into SEBA.REPAIR (REPAIR_ID,PRICE_OF_DEFECT) values ('5','100');
Insert into SEBA.REPAIR (REPAIR_ID,PRICE_OF_DEFECT) values ('6','230');
Insert into SEBA.REPAIR (REPAIR_ID,PRICE_OF_DEFECT) values ('7','135');
Insert into SEBA.REPAIR (REPAIR_ID,PRICE_OF_DEFECT) values ('8','215');
Insert into SEBA.REPAIR (REPAIR_ID,PRICE_OF_DEFECT) values ('9','155');
Insert into SEBA.REPAIR (REPAIR_ID,PRICE_OF_DEFECT) values ('10','165');
Insert into SEBA.REPAIR (REPAIR_ID,PRICE_OF_DEFECT) values ('11','220');
Insert into SEBA.REPAIR (REPAIR_ID,PRICE_OF_DEFECT) values ('12','150');
Insert into SEBA.REPAIR (REPAIR_ID,PRICE_OF_DEFECT) values ('13','125');
REM INSERTING into SEBA.REPAIR_ORDER
SET DEFINE OFF;
Insert into SEBA.REPAIR_ORDER (ORDER_ID,DATE_OF_RECEIPT,DATE_OF_RETURN,PHONE_MODEL,PRICE,STATUS,CLIENT_ID,EMPLOYEE_ID) values ('1',to_date('17/02/20','RR/MM/DD'),null,'LG L90','200','INPROGRESS','1','1');
Insert into SEBA.REPAIR_ORDER (ORDER_ID,DATE_OF_RECEIPT,DATE_OF_RETURN,PHONE_MODEL,PRICE,STATUS,CLIENT_ID,EMPLOYEE_ID) values ('2',to_date('17/03/01','RR/MM/DD'),to_date('17/03/10','RR/MM/DD'),'iPhone 5','500','DONE','2','2');
Insert into SEBA.REPAIR_ORDER (ORDER_ID,DATE_OF_RECEIPT,DATE_OF_RETURN,PHONE_MODEL,PRICE,STATUS,CLIENT_ID,EMPLOYEE_ID) values ('3',to_date('17/04/01','RR/MM/DD'),to_date('17/04/20','RR/MM/DD'),'Nokia Lumia 930 Gold','150','DONE','3','2');
Insert into SEBA.REPAIR_ORDER (ORDER_ID,DATE_OF_RECEIPT,DATE_OF_RETURN,PHONE_MODEL,PRICE,STATUS,CLIENT_ID,EMPLOYEE_ID) values ('4',to_date('17/04/15','RR/MM/DD'),null,'Xiaomi Mi 6','330','INPROGRESS','4','2');
Insert into SEBA.REPAIR_ORDER (ORDER_ID,DATE_OF_RECEIPT,DATE_OF_RETURN,PHONE_MODEL,PRICE,STATUS,CLIENT_ID,EMPLOYEE_ID) values ('5',to_date('17/04/13','RR/MM/DD'),null,'Samsung Galaxy C5 Pro','135','INPROGRESS','5','3');
Insert into SEBA.REPAIR_ORDER (ORDER_ID,DATE_OF_RECEIPT,DATE_OF_RETURN,PHONE_MODEL,PRICE,STATUS,CLIENT_ID,EMPLOYEE_ID) values ('6',to_date('17/04/10','RR/MM/DD'),to_date('17/05/13','RR/MM/DD'),'Lenovo Moto G5','370','DONE','6','4');
Insert into SEBA.REPAIR_ORDER (ORDER_ID,DATE_OF_RECEIPT,DATE_OF_RETURN,PHONE_MODEL,PRICE,STATUS,CLIENT_ID,EMPLOYEE_ID) values ('7',to_date('17/04/20','RR/MM/DD'),to_date('17/04/25','RR/MM/DD'),'HTC U11','165','INPROGRESS','7','5');
Insert into SEBA.REPAIR_ORDER (ORDER_ID,DATE_OF_RECEIPT,DATE_OF_RETURN,PHONE_MODEL,PRICE,STATUS,CLIENT_ID,EMPLOYEE_ID) values ('8',to_date('17/04/03','RR/MM/DD'),to_date('17/04/20','RR/MM/DD'),'Honor 6C','220','DONE','8','5');
Insert into SEBA.REPAIR_ORDER (ORDER_ID,DATE_OF_RECEIPT,DATE_OF_RETURN,PHONE_MODEL,PRICE,STATUS,CLIENT_ID,EMPLOYEE_ID) values ('9',to_date('17/03/20','RR/MM/DD'),to_date('17/03/29','RR/MM/DD'),'iPhone 6S','150','DONE','9','5');
Insert into SEBA.REPAIR_ORDER (ORDER_ID,DATE_OF_RECEIPT,DATE_OF_RETURN,PHONE_MODEL,PRICE,STATUS,CLIENT_ID,EMPLOYEE_ID) values ('10',to_date('17/05/20','RR/MM/DD'),null,'LG K7','125','INPROGRESS','10','1');
--------------------------------------------------------
--  Constraints for Table ORDER_AND_REPAIR
--------------------------------------------------------

  ALTER TABLE "SEBA"."ORDER_AND_REPAIR" MODIFY ("ORDER_ID" NOT NULL ENABLE);
  ALTER TABLE "SEBA"."ORDER_AND_REPAIR" MODIFY ("REPAIR_ID" NOT NULL ENABLE);
--------------------------------------------------------
--  Constraints for Table EMPLOYEE
--------------------------------------------------------

  ALTER TABLE "SEBA"."EMPLOYEE" MODIFY ("EMPLOYEE_ID" NOT NULL ENABLE);
  ALTER TABLE "SEBA"."EMPLOYEE" MODIFY ("EMAIL" NOT NULL ENABLE);
  ALTER TABLE "SEBA"."EMPLOYEE" MODIFY ("FIRST_NAME" NOT NULL ENABLE);
  ALTER TABLE "SEBA"."EMPLOYEE" MODIFY ("LAST_NAME" NOT NULL ENABLE);
  ALTER TABLE "SEBA"."EMPLOYEE" MODIFY ("PESEL" NOT NULL ENABLE);
  ALTER TABLE "SEBA"."EMPLOYEE" MODIFY ("PHONE_NUMBER" NOT NULL ENABLE);
  ALTER TABLE "SEBA"."EMPLOYEE" MODIFY ("SALARY" NOT NULL ENABLE);
  ALTER TABLE "SEBA"."EMPLOYEE" ADD PRIMARY KEY ("EMPLOYEE_ID")
  USING INDEX PCTFREE 10 INITRANS 2 MAXTRANS 255 
  STORAGE(INITIAL 65536 NEXT 1048576 MINEXTENTS 1 MAXEXTENTS 2147483645
  PCTINCREASE 0 FREELISTS 1 FREELIST GROUPS 1
  BUFFER_POOL DEFAULT FLASH_CACHE DEFAULT CELL_FLASH_CACHE DEFAULT)
  TABLESPACE "USERS"  ENABLE;
--------------------------------------------------------
--  Constraints for Table ADDRESS
--------------------------------------------------------

  ALTER TABLE "SEBA"."ADDRESS" MODIFY ("ADDRESS_ID" NOT NULL ENABLE);
  ALTER TABLE "SEBA"."ADDRESS" MODIFY ("CITY" NOT NULL ENABLE);
  ALTER TABLE "SEBA"."ADDRESS" MODIFY ("HOME_NUMBER" NOT NULL ENABLE);
  ALTER TABLE "SEBA"."ADDRESS" MODIFY ("PIN_CODE" NOT NULL ENABLE);
  ALTER TABLE "SEBA"."ADDRESS" ADD PRIMARY KEY ("ADDRESS_ID")
  USING INDEX PCTFREE 10 INITRANS 2 MAXTRANS 255 
  STORAGE(INITIAL 65536 NEXT 1048576 MINEXTENTS 1 MAXEXTENTS 2147483645
  PCTINCREASE 0 FREELISTS 1 FREELIST GROUPS 1
  BUFFER_POOL DEFAULT FLASH_CACHE DEFAULT CELL_FLASH_CACHE DEFAULT)
  TABLESPACE "USERS"  ENABLE;
--------------------------------------------------------
--  Constraints for Table REPAIR
--------------------------------------------------------

  ALTER TABLE "SEBA"."REPAIR" MODIFY ("REPAIR_ID" NOT NULL ENABLE);
  ALTER TABLE "SEBA"."REPAIR" MODIFY ("DEFECT" NOT NULL ENABLE);
  ALTER TABLE "SEBA"."REPAIR" MODIFY ("PRICE_OF_DEFECT" NOT NULL ENABLE);
  ALTER TABLE "SEBA"."REPAIR" ADD PRIMARY KEY ("REPAIR_ID")
  USING INDEX PCTFREE 10 INITRANS 2 MAXTRANS 255 
  STORAGE(INITIAL 65536 NEXT 1048576 MINEXTENTS 1 MAXEXTENTS 2147483645
  PCTINCREASE 0 FREELISTS 1 FREELIST GROUPS 1
  BUFFER_POOL DEFAULT FLASH_CACHE DEFAULT CELL_FLASH_CACHE DEFAULT)
  TABLESPACE "USERS"  ENABLE;
--------------------------------------------------------
--  Constraints for Table REPAIR_ORDER
--------------------------------------------------------

  ALTER TABLE "SEBA"."REPAIR_ORDER" MODIFY ("ORDER_ID" NOT NULL ENABLE);
  ALTER TABLE "SEBA"."REPAIR_ORDER" MODIFY ("PHONE_MODEL" NOT NULL ENABLE);
  ALTER TABLE "SEBA"."REPAIR_ORDER" MODIFY ("PRICE" NOT NULL ENABLE);
  ALTER TABLE "SEBA"."REPAIR_ORDER" MODIFY ("CLIENT_ID" NOT NULL ENABLE);
  ALTER TABLE "SEBA"."REPAIR_ORDER" MODIFY ("EMPLOYEE_ID" NOT NULL ENABLE);
  ALTER TABLE "SEBA"."REPAIR_ORDER" ADD PRIMARY KEY ("ORDER_ID")
  USING INDEX PCTFREE 10 INITRANS 2 MAXTRANS 255 
  STORAGE(INITIAL 65536 NEXT 1048576 MINEXTENTS 1 MAXEXTENTS 2147483645
  PCTINCREASE 0 FREELISTS 1 FREELIST GROUPS 1
  BUFFER_POOL DEFAULT FLASH_CACHE DEFAULT CELL_FLASH_CACHE DEFAULT)
  TABLESPACE "USERS"  ENABLE;
--------------------------------------------------------
--  Constraints for Table CLIENT
--------------------------------------------------------

  ALTER TABLE "SEBA"."CLIENT" MODIFY ("CLIENT_ID" NOT NULL ENABLE);
  ALTER TABLE "SEBA"."CLIENT" MODIFY ("FIRST_NAME" NOT NULL ENABLE);
  ALTER TABLE "SEBA"."CLIENT" MODIFY ("LAST_NAME" NOT NULL ENABLE);
  ALTER TABLE "SEBA"."CLIENT" MODIFY ("PHONE_NUMBER" NOT NULL ENABLE);
  ALTER TABLE "SEBA"."CLIENT" ADD PRIMARY KEY ("CLIENT_ID")
  USING INDEX PCTFREE 10 INITRANS 2 MAXTRANS 255 
  STORAGE(INITIAL 65536 NEXT 1048576 MINEXTENTS 1 MAXEXTENTS 2147483645
  PCTINCREASE 0 FREELISTS 1 FREELIST GROUPS 1
  BUFFER_POOL DEFAULT FLASH_CACHE DEFAULT CELL_FLASH_CACHE DEFAULT)
  TABLESPACE "USERS"  ENABLE;
--------------------------------------------------------
--  Ref Constraints for Table CLIENT
--------------------------------------------------------

  ALTER TABLE "SEBA"."CLIENT" ADD CONSTRAINT "FKHL74V4TQDGAYGC7AH4X1L63UB" FOREIGN KEY ("ADDRESS_ID")
	  REFERENCES "SEBA"."ADDRESS" ("ADDRESS_ID") ENABLE;
--------------------------------------------------------
--  Ref Constraints for Table EMPLOYEE
--------------------------------------------------------

  ALTER TABLE "SEBA"."EMPLOYEE" ADD CONSTRAINT "FKQS5J463O134OX3593K82QKG6O" FOREIGN KEY ("ADDRESS_ID")
	  REFERENCES "SEBA"."ADDRESS" ("ADDRESS_ID") ENABLE;
--------------------------------------------------------
--  Ref Constraints for Table ORDER_AND_REPAIR
--------------------------------------------------------

  ALTER TABLE "SEBA"."ORDER_AND_REPAIR" ADD CONSTRAINT "FK4FMFFEA59MK7D75QYI0P7KO6X" FOREIGN KEY ("ORDER_ID")
	  REFERENCES "SEBA"."REPAIR_ORDER" ("ORDER_ID") ENABLE;
  ALTER TABLE "SEBA"."ORDER_AND_REPAIR" ADD CONSTRAINT "FK5GKTJ2OE4Y43K4932LYB08QXP" FOREIGN KEY ("REPAIR_ID")
	  REFERENCES "SEBA"."REPAIR" ("REPAIR_ID") ENABLE;
--------------------------------------------------------
--  Ref Constraints for Table REPAIR_ORDER
--------------------------------------------------------

  ALTER TABLE "SEBA"."REPAIR_ORDER" ADD CONSTRAINT "FKK9ES47BMJ36P3IC7IJ1VLB7L1" FOREIGN KEY ("EMPLOYEE_ID")
	  REFERENCES "SEBA"."EMPLOYEE" ("EMPLOYEE_ID") ENABLE;
  ALTER TABLE "SEBA"."REPAIR_ORDER" ADD CONSTRAINT "FKNWHI4LRHQQUID76V9UK1AEJFR" FOREIGN KEY ("CLIENT_ID")
	  REFERENCES "SEBA"."CLIENT" ("CLIENT_ID") ENABLE;
--------------------------------------------------------
--  DDL for Function GET_COUNT
--------------------------------------------------------

  CREATE OR REPLACE EDITIONABLE FUNCTION "SEBA"."GET_COUNT" (order_STATUS IN VARCHAR)
RETURN NUMBER
IS
  V_COUNT NUMBER;
BEGIN
  SELECT COUNT(*) INTO V_COUNT FROM REPAIR_ORDER O WHERE O.STATUS = order_STATUS; 
  RETURN V_COUNT;
END;

/
--------------------------------------------------------
--  DDL for Function PROFITPERMONTH
--------------------------------------------------------

  CREATE OR REPLACE EDITIONABLE FUNCTION "SEBA"."PROFITPERMONTH" (ourSTATUS IN VARCHAR, OurMonth Number)
RETURN NUMBER
IS
  PRICE NUMBER;
BEGIN
    SELECT AVG( PRICE ) into PRICE FROM repair_order ro where ro.status = ourStatus and EXTRACT( month FROM DATE_OF_RECEIPT ) = OurMonth; 
    RETURN PRICE;
END;

/
--------------------------------------------------------
--  DDL for Function PROFITPERONEEMPLOYEEINYEAR
--------------------------------------------------------

  CREATE OR REPLACE EDITIONABLE FUNCTION "SEBA"."PROFITPERONEEMPLOYEEINYEAR" (employeeID IN NUMBER, OurYear IN Number)
RETURN NUMBER
IS
  PRICE NUMBER;
BEGIN
    SELECT SUM( PRICE ) into PRICE FROM repair_order ro where ro.employee_id = employeeID and EXTRACT( year FROM ro.date_of_receipt ) = OurYear;
    RETURN PRICE;
END;

/
--------------------------------------------------------
--  DDL for Procedure LICZENIEKOSZTUZLECENIA
--------------------------------------------------------
set define off;

  CREATE OR REPLACE EDITIONABLE PROCEDURE "SEBA"."LICZENIEKOSZTUZLECENIA" 
is
        order_price Number;
        
begin
  update repair_order ro set ro.price = 0;
  for i in (select * from order_and_repair)
  loop
        
        select price_of_defect into order_price from repair where repair_id = i.REPAIR_ID;
        update repair_order ro set ro.price = (ro.price + order_price) where ro.order_id = i.order_id;
        DBMS_OUTPUT.PUT_LINE('order_id = ' || i.order_id || ', repair_id = ' || i.repair_id || ', price_of_defect = ' || order_price);
  end loop;
end;

/
--------------------------------------------------------
--  DDL for Procedure MOUNTHPROFIT
--------------------------------------------------------
set define off;

  CREATE OR REPLACE EDITIONABLE PROCEDURE "SEBA"."MOUNTHPROFIT" 
is
BEGIN
   FOR cursor1 IN (SELECT TRUNC(DATE_OF_RETURN, 'MM') AS order_month, AVG(PRICE) AS order_avg FROM repair_order GROUP BY TRUNC(date_of_return, 'MM')) 
          LOOP
            DBMS_OUTPUT.PUT_LINE('Data = ' || cursor1.order_month ||
                               ', Zarobek = ' || cursor1.order_avg);
          END LOOP;
END;

/
--------------------------------------------------------
--  DDL for Procedure ORDERINPROGRESSPERMOUNTH
--------------------------------------------------------
set define off;

  CREATE OR REPLACE EDITIONABLE PROCEDURE "SEBA"."ORDERINPROGRESSPERMOUNTH" (ourSTATUS IN VARCHAR)
is
BEGIN
   FOR cursor1 IN (SELECT TRUNC(DATE_OF_RETURN, 'MM') AS order_month, count(*) AS status FROM repair_order o where o.status = ourSTATUS GROUP BY TRUNC(DATE_OF_RETURN, 'MM')) 
          LOOP
            DBMS_OUTPUT.PUT_LINE('Data = ' || cursor1.order_month ||
                               ', Liczba zleceñ = ' || cursor1.status);
          END LOOP;
END;

/
--------------------------------------------------------
--  DDL for Procedure SETBONUSS
--------------------------------------------------------
set define off;

  CREATE OR REPLACE EDITIONABLE PROCEDURE "SEBA"."SETBONUSS" (bonus_salary IN NUMBER,
                    count_of_employers_for_bonus IN NUMBER)
is
    adequate_salary NUMBER;
begin 
    SELECT min(salary) into adequate_salary FROM employee WHERE rownum <= count_of_employers_for_bonus ORDER BY salary desc;
    update employee e set e.salary = e.salary + bonus_salary where e.salary >= adequate_salary; 

end;

/
